Title,URL
How biotechnology could change the face of cosmetics,https://www.youtube.com/watch?v=jDp_R9YJgOY
"Blizz Faces MASSIVE Pushback From Workers, TONS Of Cosmetics In WoW&#39;s Future - Warcraft Weekly",https://www.youtube.com/watch?v=Pq7oFIjhVWg
Can Biotech Invent a Sustainable Future for the Beauty Industry?  | Jasmina Aganovic | TEDxBoston,https://www.youtube.com/watch?v=-bBn9VfEULs
The FUTURE of Valorant Cosmetics?!?,https://www.youtube.com/watch?v=bCd_w29KBE0
Elon musk talks about Preserving Consciousness and Spending on Cosmetics#elonmusk #muskelon #shorts,https://www.youtube.com/watch?v=V29yyLntLTQ
natural makeup tiktok: The Future of Beauty,https://www.youtube.com/watch?v=UVoOEnDxYbE
natural makeup tiktok and Celebrity-inspired filters: The Future of Beauty?,https://www.youtube.com/watch?v=aLHf82rNiKc
Hey Future CEO&#39;s - be the next viral brand #cosmetics #skincare #rebranding #brand #liptint #diy,https://www.youtube.com/watch?v=m7Lrs9YhSWA
Collab Skins 2.0: The Future of Fortnite Cosmetics,https://www.youtube.com/watch?v=d2ux4ZHlDWM
INSPIRE COSMETICS -  The future depends on what you do today üòáüôèüòÑ,https://www.youtube.com/watch?v=PXuS4MVuyfk
